{
  "expect": {
    "27": -1,
    "109": "Риба риби гризе реп.",
    "131": "Део текста недостаје из овог реда.",
    "132": "Део текста недостаје из овог реда.",
    "151": "Део текста недостаје у овом реду.",
    "152": "Део текста недостаје у овом реду.",
    "153": "Део текста недостаје и овде.",
    "154": "Део текста недостаје и овде.",
    "226": "Неке речи не припадају овој реченици.",
    "243": "Неко је унео крај овог реда двапут.",
    "282": -1,
    "302": "Овај ред речи је исправљен.",
    "316": -1,
    "317": -1,
    "318": -1,
    "319": -1,
    "320": -1,
    "321": -1,
    "322": -1,
    "338": "Исправите грешке у овом реду и поништите их.",
    "378": -1,
    "379": -1,
    "380": -1,
    "381": -1,
    "395": "Када је овај ред уношен, неко је притискао погрешне тастере!",
    "396": "Када је овај ред уношен, неко је притискао погрешне тастере!",
    "417": "Овај ред има неколико речи које треба исправити оператором измене.",
    "418": "Овај ред има неколико речи које треба исправити оператором измене.",
    "440": "Крај овог реда треба исправити коришћењем `c$` команде.",
    "441": "Крај овог реда треба исправити коришћењем `c$` команде.",
    "507": -1,
    "527": -1,
    "552": "Риба риби гризе реп.",
    "746": -1,
    "751": -1,
    "769": "Овај ред омогућава вежбање надовезивања текста у неком реду.",
    "770": "Овај ред омогућава вежбање надовезивања текста у неком реду.",
    "790": "Додавање 123 на 456 даје 579.",
    "791": "Додавање 123 на 456 даје 579.",
    "816": "а) Ово је први ред.",
    "817": "б) Ово је други ред."
  }
}
